detail,supplier,true_nominal,pred_nominal,true_department,pred_department,true_tc,pred_tc,confidence,reasoning
BEVERAGE,SUPPLIER 15,Materials Purchased,Materials Purchased,BAR,BAR,T2,T1,"{'nominal': 0.95, 'department': 0.95, 'tax_code': 0.85}","All similar historical items with the same detail and supplier were classified as Materials Purchased for the BAR department. Most examples used tax code T1 (one instance T0), so T1 is chosen as the most consistent match."
ARCHITECTURAL SERVICES,SUPPLIER 114,Professional Fees,Professional Fees,ADMINISTRATION,GENERAL/CAPITAL,T9,T9,"{'nominal': 0.82, 'department': 0.75, 'tax_code': 0.6}","The line item 'Architectural Services' aligns with consultancy/professional services and is best mapped to Professional Fees. Similar examples of building/aperature works were assigned Legal Fees or Repairs/Capital; given the nature of architectural work it supports capital projects so GENERAL/CAPITAL is chosen. VAT is 0.0 and similar legal/consultancy items used T9, so T9 is assigned with moderate confidence."
SSR I71,SUPPLIER 107,Vehicle Licences,Materials Purchased,MAINTENANCE,KITCHEN,T9,T0,"{'nominal': 0.85, 'department': 0.85, 'tax_code': 0.9}","The detail and supplier code closely match historical items labeled 'food' from supplier 71, which were consistently classified as Materials Purchased for the KITCHEN with tax code T0. Given strong similarity in supplier and description patterns, the same classifications are applied."
LOCAL CHARGES,SUPPLIER 121,Miscellaneous Expenses,Miscellaneous Expenses,RESTAURANT,GENERAL/CAPITAL,T3,T9,"{'nominal': 0.7, 'department': 0.6, 'tax_code': 0.8}","Multiple identical historical examples for supplier 121 with text 'LOCAL CHARGES' map to Miscellaneous Expenses and T9; while department varies, GENERAL/CAPITAL is a common assignment for supplier 121 in similar entries. VAT present and prior mappings to T9 support choosing T9."
INSECT KILLER,SUPPLIER 70,Miscellaneous Expenses,Cleaning,HOUSEKEEPING,HOUSEKEEPING,T3,T3,"{'nominal': 0.95, 'department': 0.9, 'tax_code': 0.9}","The detail 'INSECT KILLER' with supplier 70 exactly matches a prior example classified as Cleaning for HOUSEKEEPING with tax code T3. Similar pest control examples also map to Cleaning and HOUSEKEEPING with T3, so this classification follows those strong historical matches."
WATER SUPPLY,SUPPLIER 118,Water Rates,Water Rates,GENERAL/CAPITAL,HOUSEKEEPING,T3,T1,"{'nominal': 0.9, 'department': 0.85, 'tax_code': 0.8}","Detail 'WATER SUPPLY' matches historical 'water' items which were classified as Materials Purchased for Housekeeping with T1; given available nominal categories, Water Rates is the best fit for water supply expenses and Housekeeping/T1 aligns with the strong historical pattern."
DIESEL,SUPPLIER 96,Vehicle Fuel,Vehicle Fuel,MAINTENANCE,ACCOMMODATION,T3,T3,"{'nominal': 0.95, 'department': 0.75, 'tax_code': 0.95}","All similar historical items with the same supplier and detail 'DIESEL' were classified as Vehicle Fuel with tax code T3. Most examples used department ACCOMMODATION (4 out of 5), so ACCOMMODATION is chosen with slightly lower confidence due to one MAINTENANCE instance."
COFFEE,SUPPLIER 33,Materials Purchased,Materials Purchased,HOUSEKEEPING,BAR,T0,T0,"{'nominal': 0.9, 'department': 0.7, 'tax_code': 0.95}","Historical examples for 'coffee' from Supplier 33 consistently map to 'Materials Purchased' and tax code T0. Departments vary between BAR, KITCHEN, and HOUSEKEEPING; BAR is a common match for coffee purchases so it is selected with moderate confidence."
TEA,SUPPLIER 14,Materials Purchased,Materials Purchased,HOUSEKEEPING,BAR,T0,T0,"{'nominal': 0.9, 'department': 0.7, 'tax_code': 0.6}","Historical examples for 'tea' map to Materials Purchased and Housekeeping, but supplier 14 examples for beverage map strongly to BAR. Given detail 'TEA' and supplier 14, Materials Purchased and BAR are most consistent. VAT was 0.0 in this item and similar entries show T0, so T0 is chosen."
COFFEE,SUPPLIER 33,Materials Purchased,Materials Purchased,KITCHEN,BAR,T0,T0,"{'nominal': 0.9, 'department': 0.7, 'tax_code': 0.95}","All similar historical items with detail 'coffee' from Supplier 33 are classified as 'Materials Purchased' with tax code T0, so that nominal and tax code are chosen with high confidence. Department examples vary between BAR, KITCHEN, and HOUSEKEEPING; BAR is selected as the most frequent and context-appropriate for coffee, but with slightly lower confidence."
LOCAL CHARGES,SUPPLIER 121,Miscellaneous Expenses,Miscellaneous Expenses,HOUSEKEEPING,GENERAL/CAPITAL,T9,T9,"{'nominal': 0.7, 'department': 0.8, 'tax_code': 0.9}","Multiple highly similar historical entries for 'DETAIL: LOCAL CHARGES' from SUPPLIER 121 were classified as Miscellaneous Expenses and/or items under GENERAL/CAPITAL with tax code T9; T9 is the most frequent tax code and GENERAL/CAPITAL appears commonly for supplier 121, so Miscellaneous Expenses / GENERAL/CAPITAL / T9 is the best match."
TRANSPORTATION,SUPPLIER 76,Miscellaneous Expenses,Travelling,RESTAURANT,RESTAURANT,T9,T3,"{'nominal': 0.92, 'department': 0.9, 'tax_code': 0.9}","The line detail is 'TRANSPORTATION' and a highly similar historical example (similarity 0.96) with the same supplier was classified as Travelling for the RESTAURANT department with tax code T3. Other examples for this supplier also map to restaurant and T3, supporting the same classification."
LOCAL CHARGES,SUPPLIER 121,Buildings,Miscellaneous Expenses,GENERAL/CAPITAL,GENERAL/CAPITAL,T6,T9,"{'nominal': 0.7, 'department': 0.7, 'tax_code': 0.9}","Multiple identical historical items for supplier 121 with description 'LOCAL CHARGES' map to Miscellaneous Expenses and often to GENERAL/CAPITAL or CAPITAL-related departments; T9 appears frequently for this supplier and description. Given the high similarity of examples, Miscellaneous Expenses / GENERAL/CAPITAL with tax code T9 is the most consistent match."
COFFEE/BREAD,SUPPLIER 70,Materials Purchased,Materials Purchased,KITCHEN,HOUSEKEEPING,T0,T0,"{'nominal': 0.95, 'department': 0.95, 'tax_code': 0.9}","The detail 'COFFEE/BREAD' and supplier SUPPLIER 70 closely match multiple historical items labeled as 'Materials Purchased' for HOUSEKEEPING with tax code T0. High similarity in past records supports the same nominal, department, and tax code assignment."
COFFEE,SUPPLIER 70,Materials Purchased,Materials Purchased,KITCHEN,HOUSEKEEPING,T0,T0,"{'nominal': 0.95, 'department': 0.95, 'tax_code': 0.9}","The line detail 'COFFEE' from 'SUPPLIER 70' exactly matches multiple historical items that were consistently coded as Materials Purchased, HOUSEKEEPING, and tax code T0. Given identical supplier/detail matches and zero VAT, the same classifications are applied with high confidence."
DIESEL,SUPPLIER 96,Vehicle Fuel,Vehicle Fuel,MAINTENANCE,ACCOMMODATION,T3,T3,"{'nominal': 0.95, 'department': 0.75, 'tax_code': 0.95}","All provided similar historical items with the same supplier and detail ('DIESEL', 'SUPPLIER 96') are labeled as Vehicle Fuel and use tax code T3, so Vehicle Fuel and T3 are chosen with high confidence. Most examples assign the department ACCOMMODATION (with one MAINTENANCE), so ACCOMMODATION is selected with slightly lower confidence."
COFFEE/LOTUS,SUPPLIER 46,Materials Purchased,Materials Purchased,HOUSEKEEPING,BAR,T0,T0,"{'nominal': 0.9, 'department': 0.7, 'tax_code': 0.95}","The detail 'COFFEE/LOTUS' matches historical examples of coffee purchases which were classified as Materials Purchased. Most similar examples were assigned to the BAR department, so BAR is chosen as the most likely cost centre. VAT is zero in this case and historical items used tax code T0, so T0 is applied."
BEVERAGE,SUPPLIER 13,Materials Purchased,Materials Purchased,BAR,BAR,T2,T1,"{'nominal': 0.95, 'department': 0.95, 'tax_code': 0.7}","All highly similar historical items with the same detail and supplier were classified as Materials Purchased and BAR. Most examples used tax code T1 (with a couple T2), so T1 is chosen as the most likely tax code while noting slight uncertainty."
EMPTYING OF GREASE TRAPS 2,SUPPLIER 133,Cleaning,Repairs and Renewals,KITCHEN,MAINTENANCE,T3,T3,"{'nominal': 0.8, 'department': 0.8, 'tax_code': 0.9}","Emptying grease traps is a maintenance service similar to drain pipe work in the examples, which were coded as Repairs and Renewals and MAINTENANCE. Historical items with cleaning/maintenance services used tax code T3, so T3 is applied here."
DIESEL,SUPPLIER 96,Vehicle Fuel,Vehicle Fuel,MAINTENANCE,ACCOMMODATION,T3,T3,"{'nominal': 0.95, 'department': 0.85, 'tax_code': 0.9}","All similar historical items with identical detail and supplier were classified as Vehicle Fuel with tax code T3. Most examples used the ACCOMMODATION department (one used MAINTENANCE), so ACCOMMODATION is selected with high confidence based on majority match."
VAT,SUPPLIER 121,Furniture and Fixtures,Buildings,GENERAL/CAPITAL,GENERAL/CAPITAL,T6,T6,"{'nominal': 0.8, 'department': 0.9, 'tax_code': 0.95}","All high-similarity historical matches for Supplier 121 with DETAIL: VAT predominantly map to Buildings, GENERAL/CAPITAL and tax code T6. Given multiple examples with identical supplier and detail and consistent tax_code T6, Buildings and GENERAL/CAPITAL are chosen as the most likely classification."
CORD/TIMESHEETS,SUPPLIER 9,Miscellaneous Expenses,Professional Fees,KITCHEN,ADMINISTRATION,T3,T9,"{'nominal': 0.6, 'department': 0.8, 'tax_code': 0.6}","Description 'CORD/TIMESHEETS' suggests contractor/timekeeping/professional services rather than telecom; historical similar item 'late filing' mapped to Professional Fees with T9 and ADMINISTRATION. Multiple historical examples point to ADMINISTRATION, so department assigned with higher confidence; tax code T9 chosen following the Professional Fees precedent."
COFFEE,SUPPLIER 33,Materials Purchased,Materials Purchased,KITCHEN,BAR,T0,T0,"{'nominal': 0.9, 'department': 0.8, 'tax_code': 0.95}","All similar historical items with detail 'coffee' from Supplier 33 were classified as 'Materials Purchased' with tax code T0. Department historically varies (BAR, KITCHEN, HOUSEKEEPING); BAR is chosen as the most common/useful default for coffee supplies in these examples."
LOCAL CHARGES,SUPPLIER 121,Buildings,Miscellaneous Expenses,GENERAL/CAPITAL,GENERAL/CAPITAL,T9,T9,"{'nominal': 0.75, 'department': 0.8, 'tax_code': 0.9}","Multiple identical historical items for supplier 121 with text 'DETAIL: LOCAL CHARGES' were classified as Miscellaneous Expenses or capital-related accounts; T9 appears most common. Given mix but stronger frequency of T9 and GENERAL/CAPITAL in similar records, Miscellaneous Expenses / GENERAL/CAPITAL / T9 is the best match."
HAND POWER,SUPPLIER 24,Miscellaneous Expenses,Miscellaneous Expenses,KITCHEN,HOUSEKEEPING,T3,T3,"{'nominal': 0.75, 'department': 0.85, 'tax_code': 0.9}","Similar items from the same supplier ('gloves', 'bags') were classified as Miscellaneous Expenses and assigned to HOUSEKEEPING with tax code T3. 'HAND POWER' appears to be a small supply item consistent with those historical housekeeping purchases from supplier 24, so I applied the same nominal, department, and tax code."
GLOVES,SUPPLIER 14,Cleaning,Miscellaneous Expenses,HOUSEKEEPING,HOUSEKEEPING,T3,T3,"{'nominal': 0.95, 'department': 0.95, 'tax_code': 0.95}","Exact matches in the historical data for 'gloves' from Supplier 14 classify this as Miscellaneous Expenses, HOUSEKEEPING, and T3. Multiple identical high-similarity examples support a high-confidence assignment to the same categories."
COFFEE,SUPPLIER 33,Materials Purchased,Materials Purchased,KITCHEN,BAR,T0,T0,"{'nominal': 0.9, 'department': 0.75, 'tax_code': 0.95}","All similar historical items with detail 'coffee' from Supplier 33 were classified as 'Materials Purchased' with tax code T0. Departments varied (BAR, KITCHEN, HOUSEKEEPING); BAR is chosen with moderate confidence as a common match among examples."
COFFEE,SUPPLIER 33,Materials Purchased,Materials Purchased,HOUSEKEEPING,BAR,T0,T0,"{'nominal': 0.9, 'department': 0.6, 'tax_code': 0.95}","All provided historical examples for 'COFFEE' from 'SUPPLIER 33' classify the nominal as Materials Purchased and tax code as T0, so I assigned those with high confidence. Department examples vary between BAR, KITCHEN, and HOUSEKEEPING; BAR is a common department for coffee supplies so I selected BAR with moderate confidence.}"
BEVERAGE,SUPPLIER 15,Materials Purchased,Materials Purchased,BAR,BAR,T2,T1,"{'nominal': 0.95, 'department': 0.95, 'tax_code': 0.85}","All highly similar historical items with the same detail and supplier were classified as Materials Purchased for the BAR department. Most examples used tax code T1 (one instance T0), so T1 is the most consistent choice while allowing slight uncertainty for tax code variance."
CONSULTANCY: MONITORING AIR QU,SUPPLIER 124,Professional Fees,Professional Fees,ADMINISTRATION,MAINTENANCE,T3,T3,"{'nominal': 0.88, 'department': 0.78, 'tax_code': 0.8}","The line item is a consultancy service (matches historical 'consultancy' and 'management services' examples mapped to Professional Fees). Several similar items with consultancy and maintenance context were assigned to MAINTENANCE and tax code T3, so MAINTENANCE and T3 are chosen accordingly."
APRONS,SUPPLIER 72,Miscellaneous Expenses,Cleaning,KITCHEN,HOUSEKEEPING,T3,T3,"{'nominal': 0.85, 'department': 0.9, 'tax_code': 0.9}","Item 'APRONS' is a cleaning/housekeeping supply similar to historical items (mops, cloth, dustpan) from supplier 72 which were classified as Cleaning and HOUSEKEEPING with tax code T3. The supplier and item type strongly match those examples, so Cleaning/HOUSEKEEPING/T3 is chosen."
ICECREAM,SUPPLIER 49,Materials Purchased,Materials Purchased,KITCHEN,BAR,T2,T1,"{'nominal': 0.9, 'department': 0.75, 'tax_code': 0.8}","All similar historical items for 'ICECREAM' from 'SUPPLIER 49' are classified as 'Materials Purchased'. Examples split between BAR (two instances) and KITCHEN (three instances); BAR with tax code T1 appears in multiple matches, so BAR/T1 is chosen with moderate-high confidence based on frequency and supplier hint."
FERRY CAR SCHEME,SUPPLIER 95,Travelling,Travelling,ADMINISTRATION,ADMINISTRATION,T9,T3,"{'nominal': 0.95, 'department': 0.9, 'tax_code': 0.85}",Matches multiple identical historical items (same detail and supplier) classified as Travelling and ADMINISTRATION with tax code T3. High similarity examples support the same nominal and department; VAT is 0.0 consistent with prior T3 usages in these records.
APR-JUN 25,SUPPLIER 78,Electricity,Water Rates,ADMINISTRATION,ADMINISTRATION,T5,T9,"{'nominal': 0.95, 'department': 0.9, 'tax_code': 0.9}","An identical historical item (detail: apr-jun 25 | supplier: supplier 78) was classified as Water Rates, ADMINISTRATION, T9. Other similar entries for the same supplier also map to utility-related nominals and ADMINISTRATION, so the same classification is the best match."
SSR I71,SUPPLIER 107,Vehicle Insurance,Materials Purchased,MAINTENANCE,KITCHEN,T9,T0,"{'nominal': 0.85, 'department': 0.85, 'tax_code': 0.9}","The detail and supplier closely match historical examples labeled as food purchases for supplier 71, which were classified as Materials Purchased for the KITCHEN with tax code T0. Given the high similarity of prior items and identical supplier hint, the same classifications are applied."
GAS,SUPPLIER 23,Gas,Gas,HOUSEKEEPING,KITCHEN,T3,T3,"{'nominal': 0.95, 'department': 0.8, 'tax_code': 0.95}","All historical matches with the same supplier and detail are classified as Gas and use tax code T3. Most examples assign the department KITCHEN (with one HOUSEKEEPING), so KITCHEN is chosen as the most frequent department for these identical line items."
PROCEDURES MANUAL,SUPPLIER 41,Professional Fees,Professional Fees,ADMINISTRATION,ADMINISTRATION,T3,T9,"{'nominal': 0.86, 'department': 0.85, 'tax_code': 0.8}","The line item 'PROCEDURES MANUAL' is similar to historical 'management services' entries which were classified as Professional Fees and assigned to ADMINISTRATION with tax code T9. Given the nature of a procedures manual as a professional service/documentation expense, Professional Fees / ADMINISTRATION / T9 is the best match."
BEVERAGE,SUPPLIER 12,Materials Purchased,Materials Purchased,BAR,BAR,T0,T1,"{'nominal': 0.95, 'department': 0.95, 'tax_code': 0.95}","All provided historical matches for 'DETAIL: BEVERAGE' from 'SUPPLIER 12' map to Materials Purchased, department BAR, and tax code T1 with perfect similarity. Given identical detail and supplier across examples, the same classifications are applied with high confidence."
COMNSULTANCY,SUPPLIER 124,Professional Fees,Professional Fees,ADMINISTRATION,ADMINISTRATION,T3,T8,"{'nominal': 0.75, 'department': 0.6, 'tax_code': 0.8}","The line detail 'COMNSULTANCY' indicates a consultancy/professional service rather than sales commission, so Professional Fees is the best fit. Historical examples labelled 'commission' map to Sales Commissions for ACCOMMODATION, but the descriptor here differs; department set to ADMINISTRATION as a general cost center for consultancy. VAT rate matches a taxed service similar to T8 in examples."
GLASSES,SUPPLIER 37,Repairs and Renewals,Miscellaneous Expenses,MAINTENANCE,BAR,T3,T3,"{'nominal': 0.82, 'department': 0.78, 'tax_code': 0.9}",Multiple historical matches for 'glass' map to Miscellaneous Expenses and BAR with high similarity; supplier 37 has a similar item ('safety shoes') mapped to Repairs and Renewals but 'glasses' aligns more closely with the repeated 'glass' examples. VAT presence and historical tax mappings support T3.
COFFEE/MILK,SUPPLIER 33,Materials Purchased,Materials Purchased,KITCHEN,HOUSEKEEPING,T0,T0,"{'nominal': 0.95, 'department': 0.9, 'tax_code': 0.9}",Line detail 'COFFEE/MILK' from SUPPLIER 33 matches multiple historical examples (exact and near-exact) classified as Materials Purchased and HOUSEKEEPING with tax code T0. Strong similarity to prior entries for the same supplier and item supports high confidence in the same classifications.
COFFEE,SUPPLIER 33,Materials Purchased,Materials Purchased,KITCHEN,BAR,T0,T0,"{'nominal': 0.9, 'department': 0.7, 'tax_code': 0.95}","All historical examples for 'detail: coffee' from Supplier 33 map to 'Materials Purchased' with tax code T0, so nominal and tax code follow that strong pattern. Department examples vary between BAR, KITCHEN, and HOUSEKEEPING; BAR is chosen as the most common and likely for coffee supplies, with moderate confidence."
DIESEL,SUPPLIER 96,Vehicle Fuel,Vehicle Fuel,MAINTENANCE,ACCOMMODATION,T3,T3,"{'nominal': 0.95, 'department': 0.85, 'tax_code': 0.95}","All similar historical items with the same supplier and detail ('DIESEL' / 'SUPPLIER 96') are classified as Vehicle Fuel with tax code T3; most examples assign the department ACCOMMODATION (one example shows MAINTENANCE), so ACCOMMODATION is chosen as the most frequent match."
CORSS/WOOD,SUPPLIER 79,Buildings,Repairs and Renewals,CAPITAL,MAINTENANCE,T6,T3,"{'nominal': 0.78, 'department': 0.75, 'tax_code': 0.7}",Description includes 'WOOD' similar to historical 'wood rabond' and 'woodworks' items which were classified as Repairs and Renewals or Furniture; supplier 79 has prior capital/buildings items but wood for repair aligns better with Repairs and Renewals. Tax code T3 matches the similar wood repair example and department MAINTENANCE aligns with repair-related spend.
TEA/MILK,SUPPLIER 67,Materials Purchased,Materials Purchased,KITCHEN,HOUSEKEEPING,T0,T0,"{'nominal': 0.95, 'department': 0.95, 'tax_code': 0.9}","The detail and supplier exactly match multiple historical examples labeled as Materials Purchased for HOUSEKEEPING with tax code T0. Given the high similarity of past items (1.00 and 0.97), the same classifications are applied with high confidence."
BCRS,SUPPLIER 14,BCRS,BCRS,HOUSEKEEPING,BAR,T9,T9,"{'nominal': 0.95, 'department': 0.95, 'tax_code': 0.95}","The detail and supplier exactly match multiple historical examples that were all classified as nominal BCRS, department BAR, and tax code T9. Given the perfect similarity of past items, the same classifications are applied with high confidence."
BOWLS,SUPPLIER 72,Miscellaneous Expenses,Miscellaneous Expenses,HOUSEKEEPING,KITCHEN,T3,T3,"{'nominal': 0.95, 'department': 0.92, 'tax_code': 0.93}","Exact match to a historical item with detail 'BOWLS' from SUPPLIER 72 which was classified as Miscellaneous Expenses, KITCHEN, T3. Other similar items (bowls/pans) also map to Miscellaneous Expenses and T3, and supplier context indicates kitchen-related supplies."
